Roble,/wp-content/plugins/wp-muestrario/tarima-maciza/roble-macizo/ROBLE-MACIZO.jpg
Roble,/wp-content/plugins/wp-muestrario/tarima-maciza/roble-macizo/ROBLE-MACIZO.jpg,Roble Macizo

Haya,/wp-content/plugins/wp-muestrario/tarima-maciza/haya-maciza/HAYA-VAPORIZADA-MACIZA01.jpg
Haya,/wp-content/plugins/wp-muestrario/tarima-maciza/haya-maciza/HAYA-VAPORIZADA-MACIZA01.jpg,Haya Vaporizada Maciza 1  
Haya,/wp-content/plugins/wp-muestrario/tarima-maciza/haya-maciza/HAYA-VAPORIZADA-MACIZA02.jpg,Haya Vaporizada Maciza 2 

Jatoba,/wp-content/plugins/wp-muestrario/tarima-maciza/jatoba-maciza/JATOBA-MACIZO01.jpg
Jatoba,/wp-content/plugins/wp-muestrario/tarima-maciza/jatoba-maciza/JATOBA-MACIZO01.jpg,Jatoba Maciza 1
Jatoba,/wp-content/plugins/wp-muestrario/tarima-maciza/jatoba-maciza/JATOBA-MACIZO02.jpg,Jatoba Maciza 2

Ipe,/wp-content/plugins/wp-muestrario/tarima-maciza/ipe-macizo/IPE-MACIZO01.jpg
Ipe,/wp-content/plugins/wp-muestrario/tarima-maciza/ipe-macizo/IPE-MACIZO01.jpg,Ipe Macizo 1
Ipe,/wp-content/plugins/wp-muestrario/tarima-maciza/ipe-macizo/IPE-MACIZO02.jpg,Ipe Macizo 2
Ipe,/wp-content/plugins/wp-muestrario/tarima-maciza/ipe-macizo/IPE-MACIZO03.jpg,Ipe Macizo 3
Ipe,/wp-content/plugins/wp-muestrario/tarima-maciza/ipe-macizo/IPE-MACIZO04.jpg,Ipe Macizo 4

Sucupira,/wp-content/plugins/wp-muestrario/tarima-maciza/sucupira-macizo/SUCUPIRA-MACIZA01.jpg
Sucupira,/wp-content/plugins/wp-muestrario/tarima-maciza/sucupira-macizo/SUCUPIRA-MACIZA01.jpg,Sucupira Maciza 1
Sucupira,/wp-content/plugins/wp-muestrario/tarima-maciza/sucupira-macizo/SUCUPIRA-MACIZA02.jpg,Sucupira Maciza 2
Sucupira,/wp-content/plugins/wp-muestrario/tarima-maciza/sucupira-macizo/SUCUPIRA-MACIZA03.jpg,Sucupira Maciza 3

Massaranbuda,/wp-content/plugins/wp-muestrario/tarima-maciza/massaranbuda-maciza/MASSARANDUBA-MACIZA01.jpg
Massaranbuda,/wp-content/plugins/wp-muestrario/tarima-maciza/massaranbuda-maciza/MASSARANDUBA-MACIZA01.jpg,Massaranbuda Maciza 1
Massaranbuda,/wp-content/plugins/wp-muestrario/tarima-maciza/massaranbuda-maciza/MASSARANDUBA-MACIZA02.jpg,Massaranbuda Maciza 2
Massaranbuda,/wp-content/plugins/wp-muestrario/tarima-maciza/massaranbuda-maciza/MASSARANDUBA-MACIZA03.jpg,Massaranbuda Maciza 3
Massaranbuda,/wp-content/plugins/wp-muestrario/tarima-maciza/massaranbuda-maciza/MASSARANDUBA-MACIZA04.jpg,Massaranbuda Maciza 4

Merbou,/wp-content/plugins/wp-muestrario/tarima-maciza/merbou-macizo/MERBOU-MACIZO01.jpg
Merbou,/wp-content/plugins/wp-muestrario/tarima-maciza/merbou-macizo/MERBOU-MACIZO01.jpg,Merbou Maciza 1
Merbou,/wp-content/plugins/wp-muestrario/tarima-maciza/merbou-macizo/MERBOU-MACIZO02.jpg,Merbou Maciza 2
Merbou,/wp-content/plugins/wp-muestrario/tarima-maciza/merbou-macizo/MERBOU-MACIZO03.jpg,Merbou Maciza 3
Merbou,/wp-content/plugins/wp-muestrario/tarima-maciza/merbou-macizo/MERBOU-MACIZO04.jpg,Merbou Maciza 4